d	aa	pa	x_target	y_target	z_target	ms
8.721238444166053	2.0344439357957027	1.5593298140946197	0	0	0	1678410346373
8.721238444166053	2.0344439357957027	1.5593298140946197	0	0	0	1678410489303
